geinqtu,pacilot,banotuy,cabgkin,hacputz,caeilnp,yagilnz,wdelnot,bcdeino,oafintx
EGGING,ALCOPOP,ABBOT,ABACI,ATTACH,ACACIA,ALLAY,DOWEL,BEDDED,AFOOT
ENGINE,ALPACA,ABOUT,ABACK,CAPTCHA,ACAI,ALLAYING,DOWN,BEEN,ANION
GENE,APOLITICAL,ABUT,ACACIA,CATCH,ACNE,ALLY,DOWNED,BEND,ANNOTATION
GENIE,APPALL,ATTABOY,ACAI,CATCHUP,ALLIANCE,ALLYING,DOWNTOWN,BIDE,ANOINT
GENII,ATOP,BABA,ACING,CHAP,ALPACA,ANALLY,DWELL,BIDED,ANON
GENT,CAPITAL,BABOON,BACK,CHAT,APACE,ANALYZING,DWELLED,BIND,ANOXIA
GENUINE,CAPITOL,BABY,BACKING,CHUPPAH,APIECE,GAILY,DWELT,BINDI,ANTITOXIN
GETTING,CAPO,BANANA,BANC,CHUTZPAH,APPLIANCE,GAINLY,ENDOW,BINNED,AXON
GIGGING,CATALPA,BANYAN,CABANA,HATCH,CALL,GANGLY,ENDOWED,BIOCIDE,FINITO
GIGUE,CLAP,BAOBAB,CABBING,HATH,CALLA,GAYLY,LETDOWN,BIONIC,FIXATION
GINNING,CLIP,BATBOY,CABIN,HATHA,CANAL,GIGGLY,LEWD,BOBBED,FONT
GUNNING,CLOP,BATON,CAGING,HUTCH,CANAPE,GLAZY,LOWDOWN,BOBBIN,FONTINA
GUTTING,COOP,BATTY,CAKING,HUZZAH,CANCAN,ILLY,LOWED,BOCCE,FOOT
IGNITE,COOPT,BAYOU,CANCAN,PATCH,CANCEL,INLAY,NEWEL,BOCCI,INFO
IGNITING,COPILOT,BOAT,CANING,PATH,CANE,INLAYING,NEWT,BODE,INITIATION
INGENUE,LAPTOP,BOBA,CANNA,PHAT,CANINE,LAGGY,NEWTON,BODED,INTO
INNING,LIPO,BONBON,CANNING,TACH,CANNA,LALLYGAG,OWED,BODICE,INTONATION
INTUITING,LOLLIPOP,BONNY,ICING,THAT,CANNELLINI,LALLYGAGGING,OWLET,BODIED,IOTA
NETTING,LOLLOP,BONOBO,KICK,THATCH,CAPE,LAYING,OWNED,BONBON,NATION
NUGGET,LOOP,BONY,KICKBACK,,CAPELLINI,LAZILY,TOWED,BOND,NONFAT
QUEENING,OCCIPITAL,BOOB,KICKING,,CELIAC,LAZY,TOWEL,BONDED,NOON
QUEUEING,OCTOPI,BOOBOO,KNACK,,CELL,LILY,TOWELED,BONE,NOTATION
QUEUING,OPAL,BOOBY,KNICKKNACK,,CELLI,LYING,TOWELETTE,BONED,NOTION
QUIETING,OPTIC,BOON,NIACIN,,CILIA,NAGGY,TOWN,BONOBO,ONION
QUITTING,OPTICAL,BOOT,NICK,,CLAN,NANNY,TWEE,BOOB,ONTO
TEEING,PACT,BOOTY,NICKING,,CLAP,NANNYING,TWEED,BOOBOO,TATTOO
TENTING,PAIL,BOTANY,,,CLEAN,NINNY,TWEEDLE,BOOED,TAXATION
TINGE,PALAPA,BOUNTY,,,CLINIC,YANG,TWEEDLED,BOON,TAXON
TINGEING,PALATAL,BOUT,,,CLINICAL,ZANILY,TWEEN,DEBONE,TOON
TINGING,PALATIAL,BUBBA,,,CLINICIAN,ZANY,TWEET,DEBONED,TOOT
TINTING,PALL,BUNNY,,,CLIP,ZIGZAGGY,TWEETED,DOOBIE,TOXIN
TUGGING,PALP,BUNT,,,ENLACE,ZINGY,WEDDED,EBBED,
TUNING,PAPA,BUOY,,,EPIC,,WEED,EBON,
TUTTING,PAPAL,BUOYANT,,,EPICENE,,WEEDED,NOOB,
UNGUENT,PAPILLA,BUTT,,,ICICLE,,WELD,OBEDIENCE,
UNITING,PATIO,BUTTON,,,ILIAC,,WELDED,OBOE,
UNTUNING,PICA,BUYOUT,,,INCIPIENCE,,WELL,,
,PICCATA,NABOB,,,INCLINE,,WELLED,,
,PICCOLO,NANOBOT,,,IPECAC,,WELT,,
,PICOT,NOOB,,,LACE,,WELTED,,
,PILL,NUBBY,,,LAIC,,WEND,,
,PILOT,TABBY,,,LAICAL,,WENDED,,
,PIPIT,TABOO,,,LANCE,,WENT,,
,PITA,TUBA,,,LENIENCE,,WETTED,,
,PITAPAT,TUBBY,,,LICE,,WONT,,
,PLAIT,UNBAN,,,LILAC,,WONTON,,
,PLAT,UNBUTTON,,,NIACIN,,WOOD,,
,PLOP,,,,NICE,,WOODED,,
,PLOT,,,,NIECE,,WOODEN,,
,POLIO,,,,PACE,,WOOED,,
,POLITIC,,,,PALACE,,WOOL,,
,POLITICAL,,,,PANACEA,,WOOLEN,,
,POLITICO,,,,PANIC,,WOOT,,
,POLL,,,,PEACE,,WOWED,,
,POLO,,,,PECAN,,,,
,POOL,,,,PELICAN,,,,
,POOP,,,,PELLICLE,,,,
,POPPA,,,,PENANCE,,,,
,POTATO,,,,PENCE,,,,
,TAPA,,,,PENCIL,,,,
,TAPIOCA,,,,PENICILLIN,,,,
,TILAPIA,,,,PICA,,,,
,TIPTOP,,,,PICNIC,,,,
,TOPCOAT,,,,PIECE,,,,
,TOPIC,,,,PINNACLE,,,,
,TOPICAL,,,,,,,,